{
  "ema_weight": 0.5681818181818181,
  "rsi_weight": 0.3977272727272727,
  "atr_weight": 0.03409090909090909,
  "ema_period": 14,
  "rsi_period": 14,
  "atr_period": 14
}