{"schema": ["ema_diff", "rsi_norm", "atr_pct"], "buy": {"w": [0.0002196551232028884, -0.3039753932545406, -0.0010861312691349226], "b": -3.8387559814444865}, "sell": {"w": [-0.001593557674593087, 1.8873114388879435, 0.0011933174795747022], "b": -0.1412618441713789}, "version": 1}